{
  "universe_size": 36,
  "nonzero": 5,
  "weight_sum": 1.0,
  "max_weight": 0.2,
  "vol_annual": 0.15708581815960132,
  "max_drawdown": -0.13680611557185973,
  "VaR_5pct": -0.01367050006576758,
  "CVaR_5pct": -0.019076034661595617
}