{
  "universe_size": 36,
  "nonzero": 5,
  "weight_sum": 1.0,
  "max_weight": 0.2,
  "vol_annual": 0.15708580600022637,
  "max_drawdown": -0.1368061155718604,
  "VaR_5pct": -0.013670504707861821,
  "CVaR_5pct": -0.019076030907656753
}